Date,Open,High,Low,Close
2023-10-03,358.7799987792969,361.010009765625,353.2799987792969,354.9200134277344
2023-10-04,355.7699890136719,360.6099853515625,355.29998779296875,359.75
2023-10-05,359.739990234375,360.1499938964844,355.1400146484375,358.69000244140625
2023-10-06,355.6499938964844,365.9100036621094,354.8500061035156,364.70001220703125
2023-10-09,362.29998779296875,367.1099853515625,360.7799987792969,366.55999755859375
2023-10-10,366.8999938964844,371.2799987792969,366.3900146484375,368.5899963378906
2023-10-11,369.94000244140625,371.4100036621094,368.19000244140625,371.2200012207031
2023-10-12,371.7300109863281,373.739990234375,367.5,369.92999267578125
2023-10-13,370.57000732421875,371.1600036621094,363.8599853515625,365.2799987792969
2023-10-16,366.6199951171875,370.4800109863281,366.4700012207031,369.4100036621094
2023-10-17,365.80999755859375,369.9200134277344,363.6600036621094,368.20001220703125
2023-10-18,365.6700134277344,367.9100036621094,362.0199890136719,363.3699951171875
2023-10-19,364.80999755859375,366.0199890136719,359.1600036621094,359.9700012207031
2023-10-20,359.4599914550781,360.0400085449219,354.3699951171875,354.6000061035156
2023-10-23,353.260009765625,359.260009765625,351.1199951171875,355.6700134277344
2023-10-24,357.510009765625,359.9100036621094,355.7900085449219,359.1300048828125
2023-10-25,356.70001220703125,356.8800048828125,349.75,350.3399963378906
2023-10-26,349.1199951171875,350.07000732421875,342.3500061035156,343.6600036621094
2023-10-27,346.42999267578125,348.8399963378906,344.0799865722656,345.30999755859375
2023-10-30,347.8299865722656,350.5400085449219,346.45001220703125,349.20001220703125
2023-10-31,349.2300109863281,351.25,346.6199951171875,350.8699951171875
2023-11-01,351.7200012207031,357.5299987792969,351.6199951171875,356.9599914550781
2023-11-02,361.5400085449219,363.67999267578125,360.29998779296875,363.44000244140625
2023-11-03,364.75,369.0199890136719,364.5199890136719,367.7099914550781
2023-11-06,368.489990234375,369.7799987792969,366.9100036621094,369.2099914550781
2023-11-07,370.2699890136719,373.5799865722656,369.04998779296875,372.70001220703125
2023-11-08,373.0799865722656,373.7900085449219,370.6199951171875,372.94000244140625
2023-11-09,373.6400146484375,374.79998779296875,369.57000732421875,370.07000732421875
2023-11-10,371.82000732421875,378.5400085449219,371.2799987792969,378.3900146484375
2023-11-13,376.7900085449219,378.2799987792969,375.239990234375,377.2099914550781
2023-11-14,383.7099914550781,386.260009765625,383.17999267578125,385.3299865722656
2023-11-15,387.25,387.75,384.239990234375,385.6199951171875
2023-11-16,384.8399963378906,386.19000244140625,383.55999755859375,385.95001220703125
2023-11-17,385.2099914550781,387.07000732421875,384.2900085449219,386.0400085449219
2023-11-20,386.04998779296875,391.4100036621094,386.04998779296875,390.739990234375
2023-11-21,389.010009765625,389.2300109863281,386.70001220703125,388.4700012207031
2023-11-22,390.57000732421875,393.07000732421875,389.0400085449219,390.05999755859375
2023-11-24,389.6499938964844,390.25,388.5,389.510009765625
2023-11-27,389.010009765625,391.1499938964844,388.2799987792969,389.1700134277344
2023-11-28,388.4100036621094,390.7799987792969,388.04998779296875,390.19000244140625
2023-11-29,392.69000244140625,394.1400146484375,389.4599914550781,389.80999755859375
2023-11-30,390.0799865722656,390.54998779296875,385.82000732421875,388.8299865722656
2023-12-01,387.75,390.5400085449219,386.07000732421875,389.94000244140625
2023-12-04,386.0899963378906,386.6000061035156,382.6600036621094,386.32000732421875
2023-12-05,384.3900146484375,388.5,384.2099914550781,387.2900085449219
2023-12-06,390.2699890136719,390.3699951171875,384.70001220703125,385.04998779296875
2023-12-07,388.07000732421875,391.2699890136719,386.9599914550781,390.42999267578125
2023-12-08,388.6700134277344,392.6199951171875,388.4800109863281,392.1700134277344
2023-12-11,391.739990234375,395.7900085449219,391.5299987792969,395.5199890136719
2023-12-12,395.55999755859375,398.7900085449219,394.4100036621094,398.6700134277344
2023-12-13,399.6199951171875,404.3599853515625,398.8399963378906,403.739990234375
2023-12-14,404.9800109863281,406.29998779296875,400.3399963378906,403.3900146484375
2023-12-15,404.17999267578125,406.5400085449219,403.57000732421875,405.3399963378906
2023-12-18,404.92999267578125,407.989990234375,404.6000061035156,407.0799865722656
2023-12-19,407.5400085449219,409.2799987792969,407.3500061035156,409.1600036621094
2023-12-20,408.3500061035156,410.4700012207031,402.8999938964844,403.0799865722656
2023-12-21,407.05999755859375,408.1400146484375,404.4700012207031,407.7699890136719
2023-12-22,409.0,409.9700012207031,406.4800109863281,408.3800048828125
2023-12-26,409.25,411.55999755859375,409.1499938964844,410.8800048828125
2023-12-27,410.95001220703125,411.7900085449219,410.0799865722656,411.5
2023-12-28,412.6700134277344,412.9200134277344,410.94000244140625,411.29998779296875
2023-12-29,411.2799987792969,411.6400146484375,407.5799865722656,409.5199890136719
2024-01-02,405.8399963378906,406.0899963378906,400.239990234375,402.5899963378906
2024-01-03,399.92999267578125,401.0,397.8900146484375,398.3299865722656
2024-01-04,396.44000244140625,399.5899963378906,396.05999755859375,396.2799987792969
2024-01-05,396.45001220703125,399.55999755859375,395.3399963378906,396.75
2024-01-08,397.989990234375,405.239990234375,397.8399963378906,404.95001220703125
2024-01-09,401.9100036621094,406.69000244140625,401.7099914550781,405.75
2024-01-10,406.07000732421875,409.5199890136719,405.1700134277344,408.5
2024-01-11,409.7900085449219,411.20001220703125,404.239990234375,409.3500061035156
2024-01-12,410.3999938964844,411.25,408.1499938964844,409.55999755859375
2024-01-16,408.30999755859375,411.1199951171875,406.8299865722656,409.5199890136719
2024-01-17,406.1700134277344,407.5899963378906,402.9200134277344,407.2099914550781
2024-01-18,410.5199890136719,413.5799865722656,409.1600036621094,412.989990234375
2024-01-19,415.2200012207031,421.3399963378906,414.6300048828125,421.17999267578125
2024-01-22,423.4100036621094,424.7300109863281,421.1199951171875,421.7300109863281
2024-01-23,422.42999267578125,423.70001220703125,420.57000732421875,423.4800109863281
2024-01-24,427.44000244140625,429.8500061035156,425.3299865722656,425.8299865722656
2024-01-25,428.3599853515625,429.0400085449219,423.9800109863281,426.3500061035156
2024-01-26,424.44000244140625,426.2099914550781,423.1499938964844,423.80999755859375
2024-01-29,424.2699890136719,428.3500061035156,423.6099853515625,428.1499938964844
2024-01-30,427.1000061035156,427.67999267578125,424.3800048828125,425.29998779296875
2024-01-31,420.8500061035156,422.8699951171875,416.7900085449219,416.9700012207031
2024-02-01,418.7900085449219,422.3800048828125,417.80999755859375,421.8800048828125
2024-02-02,423.79998779296875,430.239990234375,422.7900085449219,429.010009765625
2024-02-05,429.07000732421875,429.6099853515625,425.0,428.45001220703125
2024-02-06,429.6099853515625,430.2200012207031,425.2200012207031,427.5899963378906
2024-02-07,430.4100036621094,432.8299865722656,429.0899963378906,431.989990234375
2024-02-08,432.1099853515625,433.55999755859375,431.4200134277344,432.7900085449219
2024-02-09,433.94000244140625,437.8500061035156,433.1400146484375,437.04998779296875
2024-02-12,436.94000244140625,439.1400146484375,434.6499938964844,435.3399963378906
2024-02-13,427.2799987792969,431.2699890136719,425.3299865722656,428.54998779296875
2024-02-14,431.260009765625,433.6499938964844,428.8800048828125,433.2200012207031
2024-02-15,433.9200134277344,434.9800109863281,431.3299865722656,434.510009765625
2024-02-16,434.8900146484375,434.989990234375,429.8500061035156,430.57000732421875
2024-02-20,428.54998779296875,430.0799865722656,423.5,427.32000732421875
2024-02-21,424.54998779296875,425.70001220703125,421.6300048828125,425.6099853515625
2024-02-22,434.489990234375,439.1199951171875,433.7099914550781,438.07000732421875
2024-02-23,439.6499938964844,440.5899963378906,435.7900085449219,436.7799987792969
2024-02-26,437.6000061035156,438.6000061035156,436.3599853515625,436.54998779296875
2024-02-27,437.6700134277344,437.989990234375,435.0299987792969,437.6000061035156
2024-02-28,435.42999267578125,436.6700134277344,434.29998779296875,435.2699890136719
2024-02-29,438.2300109863281,440.0899963378906,435.0199890136719,439.0
2024-03-01,439.8999938964844,446.5799865722656,439.8399963378906,445.6099853515625
2024-03-04,445.6099853515625,446.0400085449219,443.7699890136719,444.0199890136719
2024-03-05,440.94000244140625,440.95001220703125,433.6499938964844,436.04998779296875
2024-03-06,440.32000732421875,441.989990234375,436.8900146484375,438.7900085449219
2024-03-07,442.4200134277344,446.7200012207031,440.8599853515625,445.45001220703125
2024-03-08,445.80999755859375,448.6400146484375,438.3399963378906,439.0199890136719
2024-03-11,437.510009765625,438.6600036621094,435.44000244140625,437.3900146484375
2024-03-12,439.7300109863281,444.0199890136719,436.4599914550781,443.6600036621094
2024-03-13,442.6499938964844,442.6700134277344,439.1199951171875,440.25
2024-03-14,441.5,442.0299987792969,436.3900146484375,439.1400146484375
2024-03-15,436.07000732421875,438.8699951171875,432.739990234375,433.9200134277344
2024-03-18,438.7300109863281,441.0400085449219,437.239990234375,437.4800109863281
2024-03-19,435.45001220703125,438.9800109863281,433.3299865722656,438.57000732421875
2024-03-20,439.7799987792969,444.1099853515625,438.05999755859375,443.7699890136719
2024-03-21,448.8800048828125,449.3399963378906,445.6700134277344,445.8699951171875
2024-03-22,445.3500061035156,447.489990234375,444.489990234375,446.3800048828125
2024-03-25,443.54998779296875,446.260009765625,442.5400085449219,444.760009765625
2024-03-26,446.29998779296875,447.2300109863281,443.0899963378906,443.32000732421875
2024-03-27,446.44000244140625,446.5400085449219,441.92999267578125,444.8299865722656
2024-03-28,444.7799987792969,445.6400146484375,443.6499938964844,444.010009765625
2024-04-01,444.9700012207031,447.5299987792969,443.0199890136719,444.95001220703125
2024-04-02,440.0799865722656,441.42999267578125,438.0299987792969,441.1099853515625
2024-04-03,438.9599914550781,444.0,438.95001220703125,442.1000061035156
2024-04-04,446.3299865722656,446.95001220703125,435.1099853515625,435.3399963378906
2024-04-05,436.7799987792969,443.1700134277344,435.9599914550781,440.4700012207031
2024-04-08,441.4100036621094,442.5,439.20001220703125,440.6000061035156
2024-04-09,442.9599914550781,443.239990234375,437.44000244140625,442.2300109863281
2024-04-10,437.0,439.239990234375,436.2799987792969,438.3699951171875
2024-04-11,440.260009765625,446.3299865722656,437.9599914550781,445.3699951171875
2024-04-12,441.1000061035156,442.239990234375,436.8800048828125,438.2699890136719
2024-04-15,442.05999755859375,442.1499938964844,430.2099914550781,431.05999755859375
2024-04-16,430.8999938964844,433.760009765625,429.70001220703125,431.1000061035156
2024-04-17,433.1000061035156,433.1199951171875,424.8999938964844,425.8399963378906
2024-04-18,426.489990234375,428.239990234375,422.8299865722656,423.4100036621094
2024-04-19,422.2200012207031,422.75,413.07000732421875,414.6499938964844
2024-04-22,417.30999755859375,421.17999267578125,413.94000244140625,418.82000732421875
2024-04-23,420.7699890136719,426.2799987792969,418.8699951171875,425.07000732421875
2024-04-24,428.20001220703125,429.7300109863281,424.20001220703125,426.510009765625
2024-04-25,419.239990234375,425.32000732421875,418.1400146484375,424.45001220703125
2024-04-26,427.6199951171875,432.54998779296875,426.9200134277344,431.0
2024-04-29,433.1300048828125,433.760009765625,429.9800109863281,432.75
2024-04-30,431.1499938964844,432.55999755859375,424.510009765625,424.5899963378906
2024-05-01,423.1499938964844,430.1400146484375,420.6600036621094,421.5199890136719
2024-05-02,425.29998779296875,427.80999755859375,420.6300048828125,426.8999938964844
2024-05-03,434.44000244140625,436.4800109863281,432.6199951171875,435.4800109863281
2024-05-06,437.29998779296875,440.3399963378906,436.5199890136719,440.25
2024-05-07,440.70001220703125,441.9700012207031,439.5799865722656,440.32000732421875
2024-05-08,437.6700134277344,441.4800109863281,437.54998779296875,440.05999755859375
2024-05-09,440.3299865722656,441.6000061035156,438.4599914550781,441.0199890136719
2024-05-10,442.5400085449219,444.30999755859375,440.5,442.05999755859375
2024-05-13,443.989990234375,444.0899963378906,441.6499938964844,443.0799865722656
2024-05-14,442.6499938964844,446.4700012207031,442.4599914550781,445.92999267578125
2024-05-15,448.42999267578125,453.1499938964844,446.8999938964844,452.8999938964844
2024-05-16,452.7099914550781,454.69000244140625,451.80999755859375,451.9800109863281
2024-05-17,452.1099853515625,452.7200012207031,449.5400085449219,451.760009765625
2024-05-20,451.9800109863281,455.5799865722656,451.7900085449219,454.9100036621094
2024-05-21,453.0400085449219,455.989990234375,452.8399963378906,455.79998779296875
2024-05-22,456.05999755859375,456.82000732421875,453.0799865722656,455.7099914550781
2024-05-23,460.54998779296875,460.5799865722656,451.8500061035156,453.6600036621094
2024-05-24,455.2900085449219,459.2300109863281,453.57000732421875,457.95001220703125
2024-05-28,459.17999267578125,459.739990234375,456.69000244140625,459.67999267578125
2024-05-29,455.4800109863281,458.239990234375,455.3399963378906,456.44000244140625
2024-05-30,455.5,455.6400146484375,450.2099914550781,451.54998779296875
2024-05-31,451.7799987792969,452.4800109863281,443.05999755859375,450.7099914550781
2024-06-03,454.57000732421875,455.5799865722656,447.8999938964844,453.1300048828125
2024-06-04,452.8699951171875,455.5799865722656,451.1300048828125,454.3699951171875
2024-06-05,457.9800109863281,463.6099853515625,454.4100036621094,463.5299987792969
2024-06-06,464.2200012207031,464.5400085449219,462.19000244140625,463.3699951171875
2024-06-07,463.0,465.739990234375,461.8399963378906,462.9599914550781
2024-06-10,461.82000732421875,465.19000244140625,461.5299987792969,464.8299865722656
2024-06-11,463.5400085449219,468.1400146484375,462.0299987792969,468.0199890136719
2024-06-12,471.989990234375,476.5,471.2900085449219,474.1499938964844
2024-06-13,477.7200012207031,478.3900146484375,474.4200134277344,476.7200012207031
2024-06-14,476.5199890136719,479.260009765625,476.04998779296875,479.19000244140625
2024-06-17,479.4599914550781,486.8599853515625,478.1400146484375,485.05999755859375
2024-06-18,485.010009765625,485.8999938964844,483.42999267578125,485.2099914550781
2024-06-20,486.4200134277344,486.8399963378906,479.6199951171875,481.4700012207031
2024-06-21,481.19000244140625,482.5400085449219,478.6700134277344,480.17999267578125
2024-06-24,478.17999267578125,479.92999267578125,473.82000732421875,473.9599914550781
2024-06-25,476.07000732421875,479.67999267578125,475.1199951171875,479.3800048828125
2024-06-26,478.54998779296875,480.9200134277344,478.1300048828125,480.3699951171875
2024-06-27,480.1199951171875,483.1000061035156,479.29998779296875,481.6099853515625
2024-06-28,482.4100036621094,487.20001220703125,478.4599914550781,479.1099853515625
2024-07-01,480.0400085449219,482.489990234375,476.260009765625,481.9200134277344
2024-07-02,480.4100036621094,487.0400085449219,480.2799987792969,486.9800109863281
2024-07-03,486.2200012207031,491.1700134277344,486.2200012207031,491.0400085449219
2024-07-05,491.8900146484375,496.6000061035156,491.5899963378906,496.1600036621094
2024-07-08,496.5299987792969,497.8999938964844,495.5,497.3399963378906
2024-07-09,498.8699951171875,500.0,496.239990234375,497.7699890136719
2024-07-10,499.7099914550781,503.5199890136719,498.3900146484375,502.9599914550781
2024-07-11,503.07000732421875,503.2799987792969,490.7300109863281,491.92999267578125
2024-07-12,492.510009765625,499.6199951171875,492.0400085449219,494.82000732421875
2024-07-15,496.6099853515625,501.010009765625,494.0899963378906,496.1499938964844
2024-07-16,497.6199951171875,498.44000244140625,493.1499938964844,496.3399963378906
2024-07-17,488.2799987792969,488.79998779296875,481.70001220703125,481.7699890136719
2024-07-18,485.5299987792969,485.7099914550781,476.2699890136719,479.489990234375
2024-07-19,479.1499938964844,481.69000244140625,473.94000244140625,475.239990234375
2024-07-22,481.1600036621094,483.3500061035156,477.7099914550781,482.32000732421875
2024-07-23,481.4100036621094,484.42999267578125,480.1400146484375,480.6199951171875
2024-07-24,473.82000732421875,474.19000244140625,462.510009765625,463.3800048828125
2024-07-25,463.7200012207031,467.94000244140625,455.6300048828125,458.2699890136719
2024-07-26,462.6499938964844,465.92999267578125,459.7699890136719,462.9700012207031
2024-07-29,465.7099914550781,467.9100036621094,461.6199951171875,463.8999938964844
2024-07-30,465.8500061035156,466.55999755859375,454.1499938964844,457.5299987792969
2024-07-31,467.8699951171875,472.7900085449219,466.4100036621094,471.07000732421875
2024-08-01,471.760009765625,475.54998779296875,455.9800109863281,459.6600036621094
2024-08-02,450.8900146484375,453.57000732421875,444.4700012207031,448.75
2024-08-05,424.7099914550781,442.2900085449219,423.45001220703125,435.3699951171875
2024-08-06,437.2300109863281,447.07000732421875,434.55999755859375,439.5299987792969
2024-08-07,446.489990234375,449.0,434.3699951171875,434.7699890136719
2024-08-08,441.05999755859375,448.989990234375,437.1499938964844,448.07000732421875
2024-08-09,446.739990234375,452.05999755859375,445.6099853515625,450.4100036621094
2024-08-12,451.3900146484375,454.3699951171875,448.54998779296875,451.3800048828125
2024-08-13,455.82000732421875,462.8500061035156,455.67999267578125,462.5799865722656
2024-08-14,463.510009765625,465.1099853515625,458.3999938964844,462.7300109863281
2024-08-15,468.760009765625,474.82000732421875,468.3800048828125,474.4200134277344
2024-08-16,472.6199951171875,476.4100036621094,471.6499938964844,475.0299987792969
2024-08-19,475.1700134277344,481.30999755859375,473.3699951171875,481.2699890136719
2024-08-20,480.3500061035156,482.94000244140625,478.54998779296875,480.260009765625
2024-08-21,481.04998779296875,484.3699951171875,479.32000732421875,482.5
2024-08-22,484.8399963378906,485.5400085449219,473.80999755859375,474.8500061035156
2024-08-23,479.239990234375,482.739990234375,475.2799987792969,480.0
2024-08-26,479.45001220703125,480.3800048828125,473.239990234375,475.3399963378906
2024-08-27,473.69000244140625,477.8399963378906,471.7099914550781,476.760009765625
2024-08-28,476.2900085449219,477.0199890136719,467.8900146484375,471.3500061035156
2024-08-29,473.2799987792969,477.92999267578125,469.3699951171875,470.6600036621094
2024-08-30,475.0400085449219,476.8999938964844,470.510009765625,476.2699890136719
2024-09-03,473.20001220703125,473.3299865722656,459.4100036621094,461.80999755859375
2024-09-04,458.6700134277344,464.45001220703125,457.7300109863281,460.6099853515625
2024-09-05,458.9700012207031,465.3599853515625,457.94000244140625,461.0400085449219
2024-09-06,460.3299865722656,461.2200012207031,448.19000244140625,448.69000244140625
2024-09-09,453.05999755859375,455.4599914550781,449.82000732421875,454.4599914550781
2024-09-10,456.239990234375,459.1700134277344,452.2300109863281,458.6600036621094
2024-09-11,459.9100036621094,469.3699951171875,451.2799987792969,468.6199951171875
2024-09-12,468.6499938964844,474.0400085449219,466.8500061035156,473.2200012207031
2024-09-13,472.4800109863281,476.5299987792969,472.25,475.3399963378906
2024-09-16,473.19000244140625,473.8599853515625,469.8900146484375,473.239990234375
2024-09-17,476.2900085449219,477.6000061035156,470.9700012207031,473.489990234375
2024-09-18,474.70001220703125,478.8299865722656,470.8299865722656,471.44000244140625
2024-09-19,482.6099853515625,486.2300109863281,480.489990234375,483.3599853515625
2024-09-20,482.489990234375,483.69000244140625,478.29998779296875,482.44000244140625
2024-09-23,482.95001220703125,484.1400146484375,481.6000061035156,483.0400085449219
2024-09-24,484.4599914550781,486.3299865722656,480.1700134277344,485.3699951171875
2024-09-25,484.739990234375,487.7900085449219,484.55999755859375,485.82000732421875
2024-09-26,493.3699951171875,493.70001220703125,485.79998779296875,489.4700012207031
2024-09-27,490.5,490.6400146484375,485.55999755859375,486.75
2024-09-30,485.7799987792969,488.4100036621094,482.9200134277344,488.07000732421875
2024-10-01,487.70001220703125,488.0,477.3999938964844,481.2699890136719
2024-10-02,480.3599853515625,483.8800048828125,477.7200012207031,481.95001220703125
2024-10-03,479.739990234375,484.54998779296875,478.989990234375,481.5899963378906
2024-10-04,487.45001220703125,487.8800048828125,482.3900146484375,487.32000732421875
2024-10-07,485.3900146484375,486.57000732421875,480.8699951171875,482.1000061035156
2024-10-08,484.6600036621094,489.989990234375,483.8500061035156,489.29998779296875
2024-10-09,489.0,493.7300109863281,487.95001220703125,493.1499938964844
2024-10-10,490.8500061035156,494.4700012207031,489.5299987792969,492.5899963378906
2024-10-11,490.739990234375,494.3900146484375,490.1700134277344,493.3599853515625
2024-10-14,495.7699890136719,498.8299865722656,495.260009765625,497.5
2024-10-15,497.8299865722656,498.5,488.67999267578125,490.8500061035156
2024-10-16,491.17999267578125,491.69000244140625,487.57000732421875,490.9100036621094
2024-10-17,496.44000244140625,496.489990234375,491.19000244140625,491.25
2024-10-18,494.05999755859375,495.57000732421875,493.29998779296875,494.4700012207031
2024-10-21,493.25,496.2300109863281,491.30999755859375,495.4200134277344
2024-10-22,492.7300109863281,497.45001220703125,491.9700012207031,495.9599914550781
2024-10-23,493.5899963378906,494.25,485.04998779296875,488.3599853515625
2024-10-24,492.1099853515625,493.0,489.44000244140625,492.32000732421875
2024-10-25,495.1400146484375,500.2799987792969,494.42999267578125,495.32000732421875
2024-10-28,498.4599914550781,498.5199890136719,495.1000061035156,495.3999938964844
2024-10-29,495.7200012207031,501.3500061035156,493.8500061035156,500.1600036621094
2024-10-30,499.3900146484375,500.3500061035156,495.8900146484375,496.3800048828125
2024-10-31,492.3800048828125,492.42999267578125,483.75,483.8500061035156
2024-11-01,485.5,490.75,485.20001220703125,487.42999267578125
2024-11-04,486.82000732421875,489.3800048828125,484.25,486.010009765625
2024-11-05,487.6099853515625,492.8800048828125,487.5199890136719,492.2099914550781
2024-11-06,500.55999755859375,506.4100036621094,499.6000061035156,505.5799865722656
2024-11-07,508.3999938964844,514.3300170898438,508.3399963378906,513.5399780273438
2024-11-08,513.0399780273438,514.9199829101562,512.4099731445312,514.1400146484375
2024-11-11,515.3699951171875,515.5800170898438,510.9200134277344,513.8400268554688
2024-11-12,513.77001953125,514.6599731445312,509.8299865722656,512.9099731445312
2024-11-13,512.4000244140625,514.97998046875,509.95001220703125,512.25
2024-11-14,511.9100036621094,512.7899780273438,507.7699890136719,508.69000244140625
2024-11-15,502.94000244140625,503.3299865722656,494.489990234375,496.57000732421875
2024-11-18,498.1300048828125,502.1400146484375,496.7300109863281,500.0199890136719
2024-11-19,497.4200134277344,503.95001220703125,497.0799865722656,503.4599914550781
2024-11-20,503.1600036621094,503.4800109863281,496.55999755859375,503.1700134277344
2024-11-21,506.239990234375,506.9599914550781,497.55999755859375,504.9800109863281
2024-11-22,504.4200134277344,506.5299987792969,502.7799987792969,505.7900085449219
2024-11-25,509.8999938964844,511.45001220703125,504.260009765625,506.5899963378906
2024-11-26,508.0799865722656,510.1400146484375,507.2300109863281,509.30999755859375
2024-11-27,508.1700134277344,508.239990234375,501.92999267578125,505.29998779296875
2024-11-29,505.92999267578125,510.3399963378906,505.30999755859375,509.739990234375
2024-12-02,511.010009765625,516.260009765625,510.6199951171875,515.2899780273438
2024-12-03,513.9500122070312,517.1500244140625,513.3699951171875,516.8699951171875
2024-12-04,520.3200073242188,523.52001953125,519.5999755859375,523.260009765625
2024-12-05,523.3099975585938,524.0399780273438,521.4199829101562,521.8099975585938
2024-12-06,522.47998046875,526.719970703125,522.3499755859375,526.47998046875
2024-12-09,525.5499877929688,526.3499755859375,521.219970703125,522.3800048828125
2024-12-10,523.6199951171875,525.3800048828125,519.1599731445312,520.5999755859375
2024-12-11,525.0,530.6099853515625,524.5900268554688,529.9199829101562
2024-12-12,527.6799926757812,528.9600219726562,526.02001953125,526.5
2024-12-13,530.4600219726562,533.1699829101562,527.2999877929688,530.530029296875
2024-12-16,533.0800170898438,539.1500244140625,533.0,538.1699829101562
2024-12-17,536.3599853515625,537.47998046875,534.1300048828125,535.7999877929688
2024-12-18,535.1500244140625,536.8800048828125,515.010009765625,516.469970703125
2024-12-19,521.1900024414062,521.760009765625,513.8300170898438,514.1699829101562
2024-12-20,510.44000244140625,524.8200073242188,509.2900085449219,518.6599731445312
2024-12-23,519.5499877929688,523.25,516.1300048828125,522.8699951171875
2024-12-24,524.8300170898438,530.0499877929688,524.1900024414062,529.9600219726562
2024-12-26,528.3200073242188,531.239990234375,526.3099975585938,529.5999755859375
2024-12-27,526.010009765625,526.4500122070312,517.8599853515625,522.5599975585938
2024-12-30,515.510009765625,519.3599853515625,511.8299865722656,515.6099853515625
2024-12-31,516.9000244140625,517.6599731445312,510.260009765625,511.2300109863281
2025-01-02,514.2999877929688,516.6400146484375,505.7099914550781,510.2300109863281
2025-01-03,513.3499755859375,519.6500244140625,512.530029296875,518.5800170898438
2025-01-06,524.02001953125,527.9199829101562,522.030029296875,524.5399780273438
2025-01-07,525.5900268554688,525.989990234375,513.280029296875,515.1799926757812
2025-01-08,515.0800170898438,516.9199829101562,510.57000732421875,515.27001953125
2025-01-10,511.4800109863281,511.5799865722656,503.9200134277344,507.19000244140625
2025-01-13,501.20001220703125,506.0199890136719,499.70001220703125,505.55999755859375
2025-01-14,508.739990234375,510.1600036621094,501.5899963378906,505.0799865722656
2025-01-15,513.030029296875,517.8499755859375,511.4599914550781,516.7000122070312
2025-01-16,518.97998046875,519.0599975585938,512.9500122070312,513.0800170898438
2025-01-17,522.8499755859375,524.0700073242188,513.1099853515625,521.739990234375
2025-01-21,524.47998046875,525.969970703125,520.0599975585938,524.7999877929688
2025-01-22,529.5700073242188,533.8200073242188,529.260009765625,531.510009765625
2025-01-23,529.0399780273438,532.760009765625,528.4500122070312,532.6400146484375
2025-01-24,533.02001953125,533.7899780273438,528.1500244140625,529.6300048828125
2025-01-27,511.0,517.989990234375,510.1499938964844,514.2100219726562
2025-01-28,515.219970703125,523.0,511.7799987792969,521.8099975585938
2025-01-29,522.4600219726562,522.5900268554688,516.9000244140625,520.8300170898438
2025-01-30,523.7100219726562,526.0999755859375,518.2100219726562,523.0499877929688
2025-01-31,526.9199829101562,531.52001953125,521.1900024414062,522.2899780273438
2025-02-03,513.469970703125,520.8499755859375,511.04998779296875,518.1099853515625
2025-02-04,518.6300048828125,525.1099853515625,518.22998046875,524.469970703125
2025-02-05,521.8200073242188,527.010009765625,520.6199951171875,526.8499755859375
2025-02-06,527.3599853515625,529.8099975585938,525.739990234375,529.5999755859375
2025-02-07,530.1400146484375,532.0999755859375,522.1900024414062,522.9199829101562
2025-02-10,527.219970703125,530.3599853515625,526.75,529.25
2025-02-11,525.9600219726562,529.9199829101562,525.8300170898438,527.989990234375
2025-02-12,522.2999877929688,529.1900024414062,521.9500122070312,528.2999877929688
2025-02-13,529.97998046875,536.219970703125,529.1900024414062,535.9000244140625
2025-02-14,536.010009765625,538.8400268554688,535.6699829101562,538.1500244140625
2025-02-18,539.72998046875,540.0,536.0399780273438,539.3699951171875
2025-02-19,538.5700073242188,540.8099975585938,536.4600219726562,539.52001953125
2025-02-20,538.72998046875,539.0999755859375,532.4600219726562,537.22998046875
2025-02-21,538.3800048828125,538.4000244140625,525.7100219726562,526.0800170898438
2025-02-24,527.8800048828125,529.0700073242188,519.530029296875,519.8699951171875
2025-02-25,519.239990234375,519.3200073242188,509.44000244140625,513.3200073242188
2025-02-26,515.530029296875,519.6599731445312,511.3699951171875,514.5599975585938
2025-02-27,518.1300048828125,519.0700073242188,500.04998779296875,500.2699890136719
2025-02-28,500.1300048828125,508.7799987792969,496.92999267578125,508.1700134277344
2025-03-03,511.5199890136719,513.0399780273438,493.5799865722656,497.04998779296875
2025-03-04,494.17999267578125,503.739990234375,487.739990234375,495.54998779296875
2025-03-05,496.20001220703125,503.6300048828125,491.260009765625,502.010009765625
2025-03-06,493.69000244140625,498.5799865722656,486.20001220703125,488.20001220703125
2025-03-07,487.1600036621094,493.2799987792969,480.5299987792969,491.7900085449219
2025-03-10,483.45001220703125,483.9700012207031,468.6600036621094,472.7300109863281
2025-03-11,472.3500061035156,478.80999755859375,467.010009765625,471.6000061035156
2025-03-12,479.1600036621094,481.05999755859375,471.7900085449219,476.9200134277344
2025-03-13,476.25,476.2799987792969,466.42999267578125,468.3399963378906
2025-03-14,473.7300109863281,480.55999755859375,473.1199951171875,479.6600036621094
2025-03-17,479.6099853515625,485.8399963378906,477.79998779296875,482.7699890136719
2025-03-18,479.4100036621094,479.6099853515625,472.4100036621094,474.5400085449219
2025-03-19,476.80999755859375,485.3299865722656,474.8699951171875,480.8900146484375
2025-03-20,476.8800048828125,484.54998779296875,476.17999267578125,479.260009765625
2025-03-21,474.0799865722656,481.6099853515625,472.9100036621094,480.8399963378906
2025-03-24,487.739990234375,491.510009765625,484.3999938964844,490.6600036621094
2025-03-25,491.3900146484375,493.6199951171875,490.4200134277344,493.4599914550781
2025-03-26,492.29998779296875,493.1600036621094,482.82000732421875,484.3800048828125
2025-03-27,482.4100036621094,486.5799865722656,480.25,481.6199951171875
2025-03-28,479.80999755859375,480.5199890136719,468.04998779296875,468.94000244140625
2025-03-31,461.9200134277344,469.8599853515625,457.3299865722656,468.9200134277344
2025-04-01,467.29998779296875,473.6300048828125,464.4200134277344,472.70001220703125
2025-04-02,466.1199951171875,479.55999755859375,465.8599853515625,476.1499938964844
2025-04-03,456.44000244140625,460.07000732421875,450.1400146484375,450.6600036621094
2025-04-04,438.1400146484375,440.3699951171875,422.6700134277344,422.6700134277344
2025-04-07,408.6600036621094,443.1400146484375,402.3900146484375,423.69000244140625
2025-04-08,438.1600036621094,443.1400146484375,409.7900085449219,416.05999755859375
2025-04-09,415.57000732421875,467.8299865722656,415.42999267578125,466.0
2025-04-10,453.55999755859375,455.5899963378906,432.6300048828125,446.17999267578125
2025-04-11,444.6499938964844,455.7900085449219,441.3299865722656,454.3999938964844
2025-04-14,464.4599914550781,465.04998779296875,452.6300048828125,457.4800109863281
2025-04-15,458.5400085449219,462.3800048828125,456.1499938964844,457.989990234375
2025-04-16,449.0299987792969,452.6199951171875,437.760009765625,444.17999267578125
2025-04-17,447.1700134277344,447.75,441.3599853515625,444.1000061035156
2025-04-21,438.2300109863281,439.0799865722656,427.92999267578125,433.1099853515625
2025-04-22,438.82000732421875,447.5799865722656,437.6199951171875,444.4800109863281
2025-04-23,458.1700134277344,463.3800048828125,452.8800048828125,454.55999755859375
2025-04-24,456.4800109863281,467.6600036621094,455.8299865722656,467.3500061035156
2025-04-25,466.9700012207031,473.0899963378906,465.3900146484375,472.55999755859375
2025-04-28,473.0299987792969,474.80999755859375,466.0299987792969,472.4100036621094
2025-04-29,470.1700134277344,476.4200134277344,469.5899963378906,475.5299987792969
2025-04-30,467.1300048828125,477.20001220703125,462.42999267578125,475.4700012207031
2025-05-01,483.4100036621094,487.17999267578125,480.739990234375,481.67999267578125
2025-05-02,486.5400085449219,490.9100036621094,484.8299865722656,488.8299865722656
2025-05-05,484.6000061035156,489.0299987792969,484.1000061035156,485.92999267578125
2025-05-06,479.55999755859375,485.04998779296875,478.19000244140625,481.4100036621094
2025-05-07,482.0799865722656,485.79998779296875,476.7799987792969,483.29998779296875
2025-05-08,488.5299987792969,492.70001220703125,484.1700134277344,488.2900085449219
2025-05-09,490.2099914550781,491.5400085449219,486.20001220703125,487.9700012207031
2025-05-12,506.989990234375,507.8900146484375,501.4800109863281,507.8500061035156
2025-05-13,509.1600036621094,517.3900146484375,508.4200134277344,515.5900268554688
2025-05-14,516.77001953125,519.22998046875,515.75,518.6799926757812
2025-05-15,516.52001953125,521.9299926757812,515.1699829101562,519.25
2025-05-16,520.6599731445312,521.7000122070312,517.0999755859375,521.510009765625
2025-05-19,514.239990234375,522.530029296875,514.239990234375,522.010009765625
2025-05-20,519.469970703125,520.9299926757812,516.6599731445312,520.27001953125
2025-05-21,516.27001953125,523.0,511.239990234375,513.0399780273438
2025-05-22,513.6599731445312,517.7100219726562,512.2999877929688,514.0
2025-05-23,506.17999267578125,511.8399963378906,505.5799865722656,509.239990234375
2025-05-27,516.1500244140625,521.7100219726562,514.5900268554688,521.219970703125
2025-05-28,522.1799926757812,523.6799926757812,518.3900146484375,518.9099731445312
2025-05-29,526.3300170898438,526.47998046875,517.3200073242188,519.9299926757812
2025-05-30,519.4400024414062,520.6799926757812,511.92999267578125,519.1099853515625
2025-06-02,517.239990234375,523.4500122070312,515.969970703125,523.2100219726562
2025-06-03,523.5599975585938,528.739990234375,522.6900024414062,527.2999877929688
2025-06-04,528.010009765625,529.8400268554688,525.969970703125,528.77001953125
2025-06-05,530.1799926757812,533.0499877929688,522.6599731445312,524.7899780273438
2025-06-06,530.0,531.7999877929688,528.2100219726562,529.9199829101562
2025-06-09,530.1400146484375,532.3499755859375,529.010009765625,530.7000122070312
2025-06-10,531.1699829101562,534.9000244140625,528.8900146484375,534.2100219726562
2025-06-11,535.6199951171875,536.780029296875,530.1099853515625,532.4099731445312
2025-06-12,531.0900268554688,534.6400146484375,530.8400268554688,533.6599731445312
2025-06-13,527.6799926757812,531.8699951171875,525.72998046875,526.9600219726562
2025-06-16,530.5,535.3699951171875,530.4500122070312,534.2899780273438
2025-06-17,531.7100219726562,533.3300170898438,527.9099731445312,529.0800170898438
2025-06-18,530.0999755859375,532.5499877929688,527.4000244140625,528.989990234375
2025-06-20,532.260009765625,533.5599975585938,524.8800048828125,526.8300170898438
2025-06-23,526.8099975585938,532.1699829101562,523.6500244140625,531.6500244140625
2025-06-24,536.8900146484375,540.7000122070312,536.27001953125,539.780029296875
2025-06-25,542.0599975585938,543.3099975585938,539.3800048828125,541.1599731445312
2025-06-26,543.3499755859375,546.6699829101562,541.52001953125,546.219970703125
2025-06-27,547.260009765625,549.989990234375,544.5399780273438,548.0900268554688
2025-06-30,551.260009765625,552.7999877929688,549.010009765625,551.6400146484375
2025-07-01,549.72998046875,550.7100219726562,544.6599731445312,546.989990234375
2025-07-02,546.1599731445312,551.0,546.1199951171875,550.7999877929688
2025-07-03,553.1799926757812,557.2000122070312,553.1799926757812,556.219970703125
2025-07-07,553.52001953125,554.3400268554688,549.5800170898438,552.030029296875
2025-07-08,553.3800048828125,554.010009765625,551.0999755859375,552.3400268554688
2025-07-09,554.47998046875,557.6300048828125,553.0999755859375,556.25
2025-07-10,556.8900146484375,557.2999877929688,552.75,555.4500122070312
2025-07-11,553.2999877929688,555.7899780273438,552.0499877929688,554.2000122070312
2025-07-14,553.989990234375,556.9500122070312,551.6300048828125,556.2100219726562
2025-07-15,560.25,560.7999877929688,556.6599731445312,556.719970703125
2025-07-16,557.280029296875,560.2100219726562,551.5599975585938,557.2899780273438
2025-07-17,558.02001953125,562.3099975585938,557.2100219726562,561.7999877929688
2025-07-18,563.1199951171875,564.72998046875,559.97998046875,561.260009765625
2025-07-21,562.0900268554688,566.0599975585938,562.0599975585938,564.1699829101562
2025-07-22,564.2999877929688,564.3499755859375,558.6099853515625,561.25
2025-07-23,562.3400268554688,563.8499755859375,559.5800170898438,563.8099975585938
2025-07-24,565.1300048828125,566.239990234375,563.2899780273438,565.010009765625
2025-07-25,564.9299926757812,567.7000122070312,564.27001953125,566.3699951171875
2025-07-28,567.739990234375,569.0399780273438,566.8699951171875,568.1400146484375
2025-07-29,570.760009765625,572.1099853515625,566.530029296875,567.260009765625
2025-07-30,568.1799926757812,570.6199951171875,565.0499877929688,568.02001953125
2025-07-31,574.5399780273438,574.6300048828125,563.8699951171875,565.010009765625
2025-08-01,558.8300170898438,559.02001953125,551.6799926757812,553.8800048828125
2025-08-04,559.0499877929688,564.3200073242188,558.9500122070312,564.0999755859375
2025-08-05,565.3900146484375,566.5599975585938,559.72998046875,560.27001953125
2025-08-06,561.1099853515625,567.760009765625,560.6300048828125,567.3200073242188
2025-08-07,571.6699829101562,573.3200073242188,565.1099853515625,569.239990234375
2025-08-08,570.4500122070312,574.77001953125,570.1500244140625,574.5499877929688
2025-08-11,574.6900024414062,576.7999877929688,571.5700073242188,572.8499755859375
2025-08-12,575.1599731445312,580.3499755859375,572.489990234375,580.0499877929688
2025-08-13,582.760009765625,583.3200073242188,578.9400024414062,580.3400268554688
2025-08-14,578.280029296875,581.8800048828125,577.9099731445312,579.8900146484375
2025-08-15,579.7999877929688,579.8400268554688,575.5700073242188,577.3400268554688
2025-08-18,576.4400024414062,577.77001953125,575.239990234375,577.1099853515625
2025-08-19,576.3900146484375,576.5599975585938,568.25,569.280029296875
2025-08-20,568.3300170898438,568.4500122070312,558.8400268554688,565.9000244140625
2025-08-21,564.3499755859375,566.489990234375,560.97998046875,563.280029296875
2025-08-22,564.6699829101562,573.989990234375,563.27001953125,571.969970703125
2025-08-25,570.4000244140625,573.2899780273438,569.1599731445312,570.3200073242188
2025-08-26,569.8300170898438,572.9199829101562,568.7999877929688,572.6099853515625
2025-08-27,571.5900268554688,574.4099731445312,570.3699951171875,573.489990234375
2025-08-28,574.1099853515625,578.0,572.4600219726562,577.0800170898438
2025-08-29,574.6599731445312,575.030029296875,568.5399780273438,570.4000244140625
2025-09-02,561.3099975585938,565.969970703125,559.5399780273438,565.6199951171875
2025-09-03,569.22998046875,571.7000122070312,566.72998046875,570.0700073242188
2025-09-04,570.739990234375,575.5999755859375,569.030029296875,575.22998046875
2025-09-05,580.489990234375,581.1199951171875,571.530029296875,576.0599975585938
2025-09-08,578.3699951171875,580.8400268554688,577.77001953125,578.8699951171875
2025-09-09,579.6699829101562,580.9400024414062,577.0399780273438,580.510009765625
2025-09-10,583.739990234375,583.77001953125,578.5499877929688,580.7000122070312
2025-09-11,583.239990234375,584.8800048828125,581.6199951171875,584.0800170898438
2025-09-12,585.0399780273438,587.8599853515625,584.0999755859375,586.6599731445312
2025-09-15,588.4400024414062,591.7899780273438,588.2899780273438,591.6799926757812
2025-09-16,592.6099853515625,592.8599853515625,590.489990234375,591.1799926757812
2025-09-17,591.0999755859375,591.75,584.3699951171875,590.0
2025-09-18,594.9099731445312,598.1400146484375,592.9600219726562,595.3200073242188
2025-09-19,597.3300170898438,600.0499877929688,595.8499755859375,599.3499755859375
2025-09-22,597.739990234375,602.8699951171875,597.719970703125,602.2000122070312
2025-09-23,602.3699951171875,602.5700073242188,596.97998046875,598.2000122070312
2025-09-24,599.5800170898438,599.9000244140625,593.3599853515625,596.0999755859375
2025-09-25,592.2000122070312,595.1199951171875,588.5,593.530029296875
2025-09-26,594.3499755859375,596.2999877929688,591.0599975585938,595.969970703125
2025-09-29,599.1099853515625,602.0499877929688,597.4099731445312,598.72998046875
2025-09-30,598.4299926757812,600.7100219726562,596.0999755859375,600.3699951171875
2025-10-01,597.1699829101562,603.7899780273438,596.3400268554688,603.25
2025-10-02,607.0599975585938,607.1599731445312,602.9299926757812,605.72998046875
2025-10-03,606.510009765625,607.3300170898438,601.3900146484375,603.1799926757812
2025-10-06,608.4500122070312,609.3599853515625,605.969970703125,607.7100219726562
2025-10-07,609.02001953125,609.7100219726562,603.030029296875,604.510009765625
2025-10-08,605.4099731445312,611.75,605.260009765625,611.4400024414062
2025-10-09,611.47998046875,611.6099853515625,607.47998046875,610.7000122070312
2025-10-10,611.4000244140625,613.1799926757812,589.0499877929688,589.5
2025-10-13,599.6799926757812,602.9500122070312,597.22998046875,602.010009765625
2025-10-14,595.3099975585938,602.6900024414062,590.1300048828125,598.0
2025-10-15,604.010009765625,606.7000122070312,595.9299926757812,602.219970703125
2025-10-16,605.1099853515625,608.3099975585938,595.5,599.989990234375
2025-10-17,597.9500122070312,605.510009765625,596.3699951171875,603.9299926757812
2025-10-20,607.1400146484375,612.7999877929688,607.0700073242188,611.5399780273438
2025-10-21,611.6400146484375,612.719970703125,609.3200073242188,611.3800048828125
2025-10-22,610.8200073242188,611.4099731445312,599.739990234375,605.489990234375
2025-10-23,604.9099731445312,611.3699951171875,604.52001953125,610.5800170898438
2025-10-24,615.989990234375,618.4199829101562,615.1300048828125,617.0999755859375
2025-10-27,624.52001953125,628.5499877929688,624.030029296875,628.0900268554688
2025-10-28,630.3599853515625,634.6799926757812,629.25,632.9199829101562
2025-10-29,635.5900268554688,637.010009765625,630.25,635.77001953125
2025-10-30,632.1699829101562,633.5,625.9400024414062,626.0499877929688
2025-10-31,634.1699829101562,634.2000122070312,626.6900024414062,629.0700073242188
2025-11-03,635.1099853515625,635.8200073242188,629.8499755859375,632.0800170898438
2025-11-04,623.280029296875,626.9500122070312,618.4600219726562,619.25
2025-11-05,618.489990234375,626.5999755859375,617.2100219726562,623.280029296875
2025-11-06,621.7899780273438,622.0399780273438,610.2999877929688,611.6699829101562
2025-11-07,608.3099975585938,609.9500122070312,598.6699829101562,609.739990234375
2025-11-10,618.9199829101562,624.3099975585938,616.8900146484375,623.22998046875
2025-11-11,620.5700073242188,622.719970703125,617.52001953125,621.5700073242188
2025-11-12,624.8400268554688,624.8599853515625,617.8099975585938,621.0800170898438
2025-11-13,617.5399780273438,618.1199951171875,606.0800170898438,608.4000244140625
2025-11-14,599.5499877929688,613.3499755859375,597.1699829101562,608.8599853515625
2025-11-17,606.2999877929688,612.47998046875,599.8699951171875,603.6599731445312
2025-11-18,599.6199951171875,602.3099975585938,591.3400268554688,596.3099975585938
2025-11-19,597.0700073242188,606.1599731445312,594.5900268554688,599.8699951171875
2025-11-20,611.6199951171875,614.030029296875,584.75,585.6699829101562
2025-11-21,587.469970703125,596.97998046875,580.739990234375,590.0700073242188
2025-11-24,595.280029296875,606.6799926757812,595.1599731445312,605.1599731445312
2025-11-25,603.510009765625,610.260009765625,597.3200073242188,608.8900146484375
2025-11-26,612.510009765625,616.1900024414062,610.3900146484375,614.27001953125
2025-11-28,616.1099853515625,619.3200073242188,615.4199829101562,619.25
2025-12-01,613.6300048828125,619.4400024414062,612.52001953125,617.1699829101562
2025-12-02,619.4600219726562,623.75,617.5900268554688,622.0
2025-12-03,619.6199951171875,624.219970703125,618.030029296875,623.52001953125
2025-12-04,624.9299926757812,624.9400024414062,619.5399780273438,622.9400024414062
2025-12-05,624.3800048828125,628.9199829101562,623.7100219726562,625.47998046875
2025-12-08,627.2100219726562,628.8400268554688,621.6900024414062,624.280029296875
2025-12-09,623.010009765625,625.8699951171875,621.0,625.0499877929688
2025-12-10,623.8499755859375,629.2100219726562,620.989990234375,627.6099853515625
2025-12-11,623.8200073242188,625.780029296875,617.719970703125,625.5800170898438
2025-12-12,622.0800170898438,623.5399780273438,611.3599853515625,613.6199951171875
2025-12-15,618.3699951171875,618.4199829101562,609.3200073242188,610.5399780273438
2025-12-16,608.260009765625,613.510009765625,606.9099731445312,611.75
2025-12-17,613.0599975585938,613.6500244140625,600.280029296875,600.4099731445312
2025-12-18,609.7999877929688,612.9299926757812,606.9199829101562,609.1099853515625
2025-12-19,611.9500122070312,617.6199951171875,611.8699951171875,617.0499877929688
2025-12-22,621.3499755859375,621.6500244140625,617.77001953125,619.2100219726562
2025-12-23,618.2000122070312,622.4099731445312,617.780029296875,622.1099853515625
2025-12-24,621.989990234375,624.280029296875,621.719970703125,623.9299926757812
2025-12-26,624.6599731445312,625.52001953125,623.1400146484375,623.8900146484375
2025-12-29,620.0999755859375,622.780029296875,618.72998046875,620.8699951171875
2025-12-30,619.8400268554688,622.1799926757812,619.219970703125,619.4299926757812
2025-12-31,619.6500244140625,619.9600219726562,614.0499877929688,614.3099975585938
2026-01-02,620.0599975585938,622.8499755859375,610.1500244140625,613.1199951171875
2026-01-05,619.3200073242188,620.8099975585938,616.719970703125,617.989990234375
2026-01-06,619.22998046875,624.02001953125,618.5399780273438,623.4199829101562
2026-01-07,623.0399780273438,627.9400024414062,622.5599975585938,624.02001953125
2026-01-08,623.030029296875,623.4199829101562,617.7999877929688,620.469970703125
2026-01-09,621.4099731445312,627.8900146484375,619.0599975585938,626.6500244140625
2026-01-12,622.3099975585938,628.8499755859375,622.260009765625,627.1699829101562
2026-01-13,627.27001953125,629.469970703125,623.7000122070312,626.239990234375
2026-01-14,622.239990234375,623.4500122070312,614.5599975585938,619.5499877929688
2026-01-15,626.5999755859375,630.0,620.75,621.780029296875
2026-01-16,625.5,626.0800170898438,618.8800048828125,621.260009765625
2026-01-20,610.530029296875,615.0599975585938,607.0499877929688,608.0599975585938
2026-01-21,609.469970703125,620.4199829101562,607.8599853515625,616.280029296875
2026-01-22,622.3499755859375,622.4600219726562,617.780029296875,620.760009765625
2026-01-23,619.72998046875,625.4000244140625,618.6500244140625,622.719970703125
2026-01-26,623.2100219726562,627.6099853515625,622.1199951171875,625.4600219726562
2026-01-27,628.9099731445312,632.0399780273438,627.3400268554688,631.1300048828125
2026-01-28,635.4600219726562,636.5999755859375,631.8099975585938,633.219970703125
2026-01-29,632.6500244140625,633.6699829101562,618.27001953125,629.4299926757812
2026-01-30,625.7100219726562,628.260009765625,619.2999877929688,621.8699951171875
2026-02-02,618.7000122070312,628.489990234375,618.6599731445312,626.1400146484375
2026-02-03,628.2999877929688,629.97998046875,610.9600219726562,616.52001953125
2026-02-04,615.02001953125,615.0999755859375,600.469970703125,605.75
2026-02-05,600.2100219726562,604.8099975585938,594.760009765625,597.030029296875
2026-02-06,600.1900024414062,611.4099731445312,598.77001953125,609.6500244140625
2026-02-09,607.5399780273438,616.4600219726562,605.0700073242188,614.3200073242188
2026-02-10,615.3099975585938,617.02001953125,611.010009765625,611.469970703125
2026-02-11,616.3800048828125,617.52001953125,607.6900024414062,613.1099853515625
2026-02-12,614.7100219726562,615.8099975585938,599.5700073242188,600.6400146484375
2026-02-13,600.4299926757812,606.47998046875,596.4199829101562,601.9199829101562
2026-02-17,598.3800048828125,603.9500122070312,593.3400268554688,601.2999877929688
2026-02-18,602.1099853515625,609.77001953125,600.719970703125,605.7899780273438
2026-02-19,602.8099975585938,605.8200073242188,600.75,603.469970703125
2026-02-20,600.1199951171875,610.3499755859375,599.22998046875,608.8099975585938
2026-02-23,606.6099853515625,608.010009765625,599.0499877929688,601.4099731445312
2026-02-24,602.4000244140625,608.989990234375,599.72998046875,607.8699951171875
2026-02-25,611.0700073242188,616.8300170898438,611.0,616.6799926757812
2026-02-26,615.5900268554688,615.5900268554688,603.97998046875,609.239990234375
2026-02-27,602.97998046875,608.3200073242188,602.1900024414062,607.2899780273438
2026-03-02,598.8599853515625,609.9199829101562,597.989990234375,608.0900268554688
2026-03-03,596.3300170898438,603.9600219726562,591.8699951171875,601.5800170898438
2026-03-04,604.1599731445312,612.8800048828125,603.4299926757812,610.75
2026-03-05,607.4000244140625,612.760009765625,602.260009765625,608.9099731445312
2026-03-06,600.3099975585938,606.0,598.3300170898438,599.75
2026-03-09,594.22998046875,609.27001953125,591.3300170898438,607.760009765625
2026-03-10,607.780029296875,613.2899780273438,605.4199829101562,607.77001953125
2026-03-11,608.9500122070312,612.4299926757812,605.030029296875,607.6900024414062
2026-03-12,602.760009765625,604.1400146484375,597.0499877929688,597.260009765625
2026-03-13,599.72998046875,603.5999755859375,592.5700073242188,593.719970703125
2026-03-16,600.0399780273438,603.8599853515625,599.1099853515625,600.3800048828125
2026-03-17,603.1400146484375,605.9000244140625,601.8699951171875,603.3099975585938
2026-03-18,601.489990234375,603.1599731445312,594.5599975585938,594.9000244140625
2026-03-19,589.510009765625,595.7999877929688,587.0800170898438,593.02001953125
2026-03-20,591.0599975585938,591.1699829101562,578.5399780273438,582.0599975585938
2026-03-23,590.52001953125,595.0800170898438,585.9600219726562,588.0
2026-03-24,584.8099975585938,587.9299926757812,581.9299926757812,583.97998046875
2026-03-25,589.1400146484375,591.3699951171875,585.6900024414062,587.8200073242188
2026-03-26,582.5999755859375,584.6300048828125,573.4299926757812,573.7899780273438
2026-03-27,570.8099975585938,571.02001953125,561.5700073242188,562.5800170898438
2026-03-30,567.3800048828125,568.0499877929688,555.5999755859375,558.280029296875
2026-03-31,564.2899780273438,578.6400146484375,564.2100219726562,577.1799926757812
2026-04-01,581.47998046875,587.739990234375,580.4199829101562,584.3099975585938
2026-04-02,573.969970703125,586.0499877929688,571.9199829101562,584.97998046875
2026-04-06,586.22998046875,590.6099853515625,584.6900024414062,588.5
2026-04-07,585.6400146484375,588.97998046875,578.4000244140625,588.5900268554688
2026-04-08,608.7100219726562,609.9000244140625,602.1199951171875,606.0900268554688
2026-04-09,605.9299926757812,610.5,603.030029296875,610.1900024414062
2026-04-10,611.8400268554688,613.6699829101562,609.5800170898438,611.0700073242188
2026-04-13,609.47998046875,626.739990234375,608.1099853515625,617.3900146484375
2026-04-14,620.219970703125,628.5999755859375,620.0999755859375,628.5999755859375
2026-04-15,629.0800170898438,637.8300170898438,628.2000122070312,637.4000244140625
2026-04-16,639.2100219726562,642.1799926757812,635.260009765625,640.469970703125
2026-04-17,645.5900268554688,650.0,644.0700073242188,648.8499755859375
2026-04-20,648.0399780273438,648.760009765625,642.52001953125,646.7899780273438
2026-04-21,648.4099731445312,650.2000122070312,642.2100219726562,644.3300170898438
2026-04-22,650.1500244140625,655.3300170898438,648.52001953125,655.1099853515625
2026-04-23,653.5499877929688,656.9199829101562,645.52001953125,651.4199829101562
2026-04-24,658.510009765625,664.510009765625,656.530029296875,663.8800048828125
2026-04-27,663.4000244140625,664.4299926757812,660.6900024414062,664.22998046875
2026-04-28,657.4099731445312,659.6400146484375,653.8099975585938,657.5499877929688
2026-04-29,658.6300048828125,661.719970703125,656.5900268554688,661.5700073242188
2026-04-30,665.3499755859375,668.9000244140625,657.5599975585938,667.739990234375
2026-05-01,669.1599731445312,675.969970703125,668.7999877929688,674.1500244140625
2026-05-04,674.6599731445312,676.72998046875,668.9000244140625,672.8800048828125
2026-05-05,677.9600219726562,682.77001953125,677.510009765625,681.6099853515625
2026-05-06,687.780029296875,695.9299926757812,686.47998046875,695.77001953125
2026-05-07,696.5800170898438,701.239990234375,691.77001953125,694.9400024414062
2026-05-08,699.9199829101562,711.22998046875,699.5,711.22998046875
2026-05-11,710.3599853515625,714.5900268554688,708.9099731445312,713.2899780273438
2026-05-12,708.219970703125,710.1799926757812,696.6400146484375,707.239990234375
2026-05-13,709.9600219726562,716.6500244140625,704.8300170898438,714.7100219726562
2026-05-14,714.6199951171875,722.030029296875,714.219970703125,719.7899780273438
2026-05-15,710.1400146484375,715.1300048828125,705.5499877929688,708.9299926757812
2026-05-18,711.5399780273438,712.0700073242188,698.8499755859375,705.8800048828125
2026-05-19,699.8099975585938,706.489990234375,695.25,701.530029296875
2026-05-20,705.2899780273438,713.1500244140625,703.7899780273438,713.1500244140625
2026-05-21,708.989990234375,717.1199951171875,706.77001953125,714.510009765625
2026-05-22,718.0700073242188,722.1199951171875,715.9500122070312,717.5399780273438
2026-05-26,725.9600219726562,731.1699829101562,724.1599731445312,730.280029296875
2026-05-27,732.9600219726562,733.3200073242188,725.4400024414062,729.4500122070312
2026-05-28,729.72998046875,736.5999755859375,726.4099731445312,735.5999755859375
2026-05-29,737.8400268554688,741.6300048828125,735.25,738.3099975585938
2026-06-01,737.0399780273438,745.6500244140625,735.989990234375,742.739990234375
2026-06-02,742.4000244140625,746.4400024414062,739.22998046875,746.1599731445312
2026-06-03,747.3099975585938,748.6500244140625,741.010009765625,744.2100219726562
2026-06-04,735.47998046875,743.5,732.6199951171875,740.6099853515625
2026-06-05,730.0599975585938,731.6900024414062,704.3200073242188,705.0599975585938
2026-06-08,717.8099975585938,723.030029296875,713.0700073242188,716.0700073242188
2026-06-09,722.97998046875,725.6599731445312,686.3699951171875,707.8300170898438
2026-06-10,701.6599731445312,711.280029296875,692.9299926757812,693.6900024414062
2026-06-11,699.2899780273438,718.3699951171875,695.0,717.1199951171875
2026-06-12,717.6099853515625,724.010009765625,711.280029296875,721.3400268554688
2026-06-15,738.0999755859375,744.760009765625,737.3800048828125,744.0
2026-06-16,742.25,744.219970703125,729.6400146484375,729.8599853515625
2026-06-17,735.1900024414062,735.6799926757812,720.8499755859375,722.510009765625
2026-06-18,737.2000122070312,741.8200073242188,732.510009765625,740.6199951171875
2026-06-22,742.02001953125,745.4500122070312,734.3900146484375,737.9500122070312
2026-06-23,715.739990234375,723.6099853515625,712.1099853515625,713.6500244140625
2026-06-24,715.3699951171875,719.9299926757812,704.4500122070312,710.6199951171875
2026-06-25,725.9000244140625,726.8300170898438,705.2999877929688,716.3800048828125
2026-06-26,707.1300048828125,715.5599975585938,702.8099975585938,706.52001953125
2026-06-29,713.989990234375,724.5800170898438,705.1699829101562,724.0800170898438
2026-06-30,724.1799926757812,737.6199951171875,723.9099731445312,736.4000244140625
2026-07-01,729.1900024414062,731.9199829101562,724.5999755859375,725.1699829101562
2026-07-02,725.5800170898438,730.8300170898438,707.5599975585938,712.5999755859375
2026-07-06,719.9299926757812,726.0800170898438,718.4500122070312,722.8200073242188
2026-07-07,714.1699829101562,716.3499755859375,704.9000244140625,709.4299926757812
2026-07-08,704.9500122070312,712.260009765625,700.9099731445312,711.4400024414062
2026-07-09,718.3300170898438,724.22998046875,715.1300048828125,723.280029296875
2026-07-10,720.7000122070312,726.3900146484375,717.0,725.510009765625
2026-07-13,717.719970703125,718.739990234375,710.0800170898438,711.739990234375
2026-07-14,720.219970703125,722.2899780273438,714.3400268554688,719.6900024414062
2026-07-15,723.8499755859375,724.3599853515625,710.22998046875,717.739990234375
2026-07-16,712.010009765625,713.5999755859375,702.6099853515625,705.9400024414062
2026-07-17,691.6500244140625,702.2999877929688,686.760009765625,695.3300170898438
2026-07-20,702.1599731445312,705.7999877929688,695.510009765625,696.0599975585938
2026-07-21,706.5700073242188,710.0499877929688,702.7999877929688,708.969970703125
2026-07-22,703.6199951171875,709.6500244140625,703.6199951171875,705.3499755859375
2026-07-23,694.6699829101562,698.6599731445312,687.7899780273438,691.9600219726562
2026-07-24,690.4099731445312,692.6300048828125,682.47998046875,684.22998046875
2026-07-27,691.6799926757812,692.2999877929688,675.9500122070312,682.1199951171875
2026-07-28,676.22998046875,679.4000244140625,667.8800048828125,675.489990234375
2026-07-29,675.510009765625,680.0499877929688,661.1400146484375,661.72998046875
2026-07-30,674.760009765625,685.1199951171875,673.2999877929688,683.5499877929688
2026-07-31,692.1099853515625,695.77001953125,680.0499877929688,687.989990234375
2026-08-03,688.2999877929688,701.5900268554688,685.8200073242188,700.0700073242188
2026-08-04,708.1599731445312,725.6599731445312,707.530029296875,723.8499755859375
2026-08-05,726.25,728.5399780273438,716.9199829101562,717.2999877929688
2026-08-06,710.8200073242188,719.3200073242188,708.5,714.6500244140625
2026-08-07,720.1500244140625,723.6300048828125,716.510009765625,723.030029296875
2026-08-10,722.3900146484375,724.6699829101562,720.3300170898438,720.8699951171875
2026-08-11,723.2899780273438,723.3499755859375,715.5,718.4500122070312
2026-08-12,727.0800170898438,727.25,722.9199829101562,723.7000122070312
2026-08-13,725.1500244140625,733.9600219726562,724.030029296875,732.0700073242188
2026-08-14,733.4099731445312,734.3900146484375,728.3200073242188,731.0700073242188
2026-08-17,732.9500122070312,734.5800170898438,729.27001953125,729.8699951171875
2026-08-18,720.2100219726562,722.1300048828125,715.9199829101562,717.510009765625
2026-08-19,720.3900146484375,721.5,712.6099853515625,716.0800170898438
2026-08-20,712.0900268554688,714.9400024414062,708.52001953125,710.9299926757812
2026-08-21,715.22998046875,715.6699829101562,709.2000122070312,713.4400024414062
2026-08-24,709.6599731445312,709.7899780273438,702.7000122070312,706.3200073242188
2026-08-25,711.219970703125,714.0399780273438,707.4500122070312,710.719970703125
2026-08-26,708.4099731445312,713.02001953125,707.969970703125,711.3699951171875
2026-08-27,716.9299926757812,721.3499755859375,714.530029296875,721.1099853515625
2026-08-28,719.739990234375,724.1300048828125,715.0900268554688,716.4299926757812
2026-08-31,715.1699829101562,717.5800170898438,713.1599731445312,716.760009765625
2026-09-01,707.3900146484375,712.2999877929688,704.6599731445312,707.6400146484375
2026-09-02,707.0999755859375,709.7999877929688,705.0999755859375,709.239990234375
2026-09-03,710.8499755859375,718.9199829101562,709.6900024414062,717.6699829101562
2026-09-04,719.3499755859375,721.8599853515625,716.5599975585938,718.9600219726562
2026-09-08,720.9099731445312,721.8900146484375,715.5700073242188,718.3599853515625
2026-09-09,716.4000244140625,719.7000122070312,714.02001953125,716.3099975585938
2026-09-10,707.5499877929688,712.0599975585938,706.8599853515625,708.6900024414062
2026-09-11,715.6799926757812,717.6300048828125,713.6300048828125,714.8800048828125
2026-09-14,703.3300170898438,712.9500122070312,702.739990234375,709.1799926757812
2026-09-15,708.7999877929688,709.530029296875,703.6400146484375,704.5399780273438
2026-09-16,708.0,711.8800048828125,700.0,704.719970703125
2026-09-17,715.9500122070312,718.0399780273438,713.3200073242188,716.9199829101562
2026-09-18,718.8300170898438,721.72998046875,715.0800170898438,721.4500122070312
2026-09-21,727.8900146484375,743.219970703125,727.8099975585938,741.469970703125
2026-09-22,740.97998046875,748.3499755859375,740.9299926757812,747.4600219726562
2026-09-23,746.969970703125,747.1300048828125,738.1900024414062,741.2100219726562
2026-09-24,735.2899780273438,742.6599731445312,734.6199951171875,741.0999755859375
2026-09-25,742.8300170898438,745.9199829101562,739.6400146484375,744.5
2026-09-28,740.4600219726562,741.4199829101562,731.6300048828125,736.530029296875
2026-09-29,740.1500244140625,740.5800170898438,735.3400268554688,737.9299926757812
2026-09-30,740.1900024414062,745.0999755859375,739.4600219726562,739.77001953125
2026-10-01,742.510009765625,744.6699829101562,736.25,742.030029296875
2026-10-02,751.3099975585938,754.5399780273438,747.530029296875,749.5800170898438
